study_id,mrn
1,80591025
4,4808952
5,81130360
6,80793240
7,747881
8,80617594
18,80106397
19,74223876
20,6564439
25,81112536
34,80585574
38,70555230
39,73063109
41,71482061
47,71434237
49,73994840
51,81011728
52,30372882
53,80161201
54,80828553
55,74747981
60,80017625
64,74949348
65,31773203
66,72346679
68,72334519
69,80370192
71,80215120
72,71990105
75,80509388
76,72339195
78,80750158
80,31402563
81,72590136
85,7980089
87,80271856
89,76586130
92,1140128
94,80061698
96,50564475
98,81169971
100,80303350
102,72667942
104,81037824
112,75962076
116,87029500
117,70203773
118,10614782
119,31073612
121,50870997
126,76821313
129,74441452
130,74667049
131,80879071
134,80736401
135,80260818
141,87080362
146,31975550
148,81161297
150,80236210
151,50098730
154,75076646
155,80611621
157,70209473
158,73097990
159,80987656
160,5596622
162,81111842
164,81094799
165,81112568
167,77104693
168,81169095
170,81214950
171,30706337
173,81190192
179,70164231
181,51514198
189,74733221
191,80136198
194,80322184
198,72840077
200,80757567
201,80867384
202,73656803
205,80615746
209,4242020
210,70631619
212,76917095
217,80156987
218,72389943
219,80511786
226,70134051
231,80921071
233,80493381
234,71210322
235,81059295
237,73894768
239,80605936
240,73866949
241,80679886
243,81214644
247,1002627291
260,1002079690
301,50432848
303,73020943
304,80684294
341,80461842
349,80440736
350,75046599
351,73099228
354,72846231
355,80994729
356,80136279
358,75091231
361,31484702
362,80788623
363,74831843
364,81235201
378,80993054
380,80256077
389,81121979
393,72339823
394,80002490
395,75273268
396,81125512
397,51555878
398,81232024
399,81252785
400,80845051
402,72207442
406,81009076
407,80988609
410,81226137
412,81115265
413,81263760
415,87113643
426,81147319
428,74840273
430,80908834
431,80417647
437,80975801
438,75741710
440,80407045
442,80812042
449,75032342
450,80954851
451,80860791
454,31517428
457,31590011
458,80739571
459,81261218
460,81004233
462,75341222
463,81166147
464,80506226
467,80901351
474,50630052
476,31404908
488,76836584
490,80797938
492,71284947
493,71083703
496,71913743
497,80857189
498,81269517
499,70433198
500,80155276
501,80076444
502,75304766
503,80433649
506,51039964
508,80507502
509,80373510
510,80176221
511,73154064
512,81278579
513,80943262
516,79046330
519,81220320
520,81246598
521,76937960
523,81286143
524,70425020
525,81183263
532,71570113
533,80642242
534,50752609
539,70677315
540,74138884
541,87122289
542,80153109
544,80897103
545,7734619
547,81278744
548,80406555
549,74765173
551,80492772
552,80357261
554,80766438
556,80423168
561,81177189
564,80351851
583,97900401
586,81152532
626,80892642
627,80935224
628,80333675
630,87095865
631,77189728
632,80485197
633,81291742
636,80156932
640,71039259
641,81265016
642,81277602
644,80779223
645,32004137
647,81324106
650,80109599
653,76583095
656,70567094
658,70469820
659,75342030
660,81282682
662,80870982
663,81335248
666,73660441
667,70614714
668,81252687
670,72165285
679,81161375
686,80101288
690,76186410
693,80473734
698,50468875
704,8677817
719,81382744
723,81384245
726,72866205
736,80735052
738,81285279
744,80969364
752,51140143
753,80830442
755,9446683
756,71524201
759,75337808
761,80593540
763,76186410
768,76338474
769,76392562
772,72906530
773,81359151
781,73997900
786,81277966
792,1001157682
816,80669691
820,80747402
821,81274686
823,71878029
825,80423171
827,7163066
835,81313508
838,81404755
842,75416693
850,81326929
856,6027619
859,76329259
862,80829389
863,81212769
867,80857320
868,81371155
871,50949403
885,81393182
886,73860561
888,81399963
895,70863428
896,81434794
897,81432585
898,70682067
899,80132806
901,81423004
902,80337666
903,81403987
909,80269976
910,76886787
911,80870134
914,76950773
920,30148860
922,80963394
930,80983741
931,81433599
932,80154285
938,30118913
943,10620771
947,75066738
951,81435724
955,73154718
956,81417024
959,80463904
960,80969335
969,70442322
970,80297551
1016,74169350
1046,81090220
1320,31276736
